question,answer,sort_order
“佛光寺东大殿为什么被称为'中国第一国宝"？”,"""佛光寺东大殿建于唐代大中十一年（857年），是中国现存最古老的木构殿堂。梁思成先生发现时激动地说：'中国第一国宝'，因为它完整保存了唐代木构建筑的原貌，斗拱结构、梁架布局、彩塑壁画都体现了唐代建筑艺术的巅峰水平，是中国建筑史上的里程碑。""",1
"""佛光寺的斗拱有什么特别之处？""","""佛光寺采用七铺作双抄双下昂的斗拱结构，是中国现存最早的七铺作实例。斗拱不仅起到承重作用，还体现了唐代建筑'雄大'的风格特点，斗拱尺寸硕大，出跳深远，展现了唐代建筑雄浑壮观的气魄。""",2
"""佛光寺内部彩塑的艺术价值？""","""佛光寺东大殿内的彩塑是唐代雕塑艺术的代表作，包括佛像、菩萨、弟子等，造型丰满圆润，衣纹流畅自然，色彩艳丽而不失雅致，体现了唐代佛教艺术的成熟水平，是中国雕塑史上的重要作品。""",3
"""应县木塔为什么能千年不倒？""","""应县木塔采用双层套筒式结构，内外两圈柱网形成稳定框架。54种斗拱形成柔性连接，地震时能吸收能量。木材本身的韧性和榫卯结构的灵活性使它在千年中经历了40余次地震仍屹立不倒，体现了中国古代建筑抗震技术的智慧。""",4
"""应县木塔的斗拱为什么有54种？""","""应县木塔的54种斗拱是根据不同位置和功能设计的，从底层到顶层，斗拱尺寸逐渐减小，既保证了结构的稳定性，又体现了建筑的美学平衡。这种精细的设计体现了辽代工匠的高超技艺。""",5
"""应县木塔的防腐工艺如何？""","""应县木塔采用多种防腐技术，包括选用优质木材、桐油处理、通风设计等。塔身内部有良好的通风系统，木材干燥，减少了腐烂的可能性。这些工艺使木塔在千年风雨中保持良好状态。""",6
"""赵州桥为什么是'敞肩石拱桥'？""","""赵州桥首创'敞肩拱'设计，在主拱肩部开了四个小拱，减轻了桥身重量，节省了材料，同时增强了泄洪能力。这种设计比欧洲早了700多年，体现了中国古代桥梁工程的先进水平。""",7
"""赵州桥的建造者李春是谁？""","""李春是隋代著名工匠，赵州桥的设计者。他创造性地采用了敞肩拱、浅基础、并列砌筑等先进技术，使赵州桥成为中国古代桥梁工程的杰作，体现了隋代工匠的智慧和创造力。""",8
"""赵州桥的石料为什么能保存千年？""","""赵州桥采用当地优质青石，石质坚硬，抗风化能力强。砌筑工艺采用纵向并列砌筑法，使桥身整体性好。经过千年风雨，石料仍保持良好状态，体现了中国古代石工技艺的高超。""",9
"""故宫为什么叫'紫禁城'？""","""紫禁城是明清两代的皇宫，'紫'指天帝居住的紫微垣，'禁'指禁区。故宫位于北京中轴线上，是古代皇权的象征，体现了中国古代都城规划和皇权至上的理念。""",10
"""故宫的建筑布局有什么特点？""","""故宫采用中轴对称布局，前朝后寝，左祖右社。建筑群分为外朝和内廷，体现了中国古代宫殿建筑的规制和礼制思想。中轴线上依次排列太和殿、中和殿、保和殿，彰显皇权。""",11
"""故宫的角楼为什么那么美？""","""故宫角楼采用十字脊歇山顶，九梁十八柱七十二条脊，造型优美，结构复杂。角楼不仅具有防御功能，还是建筑艺术的杰作，体现了中国古代工匠的智慧和审美水平。""",12
"""布达拉宫为什么是'红白宫'？""","""布达拉宫由红宫和白宫组成，红宫是宗教和政治中心，白宫是达赖喇嘛的居所。红白两色分别象征宗教和政治，体现了藏式建筑的特点和西藏的文化特色。""",13
"""布达拉宫的建筑风格有什么特点？""","""布达拉宫融合了藏式建筑、汉式建筑和印度建筑风格，体现了多元文化的融合。建筑依山而建，气势磅礴，是藏式建筑的杰出代表，也是世界文化遗产。""",14
"""布达拉宫的宗教意义是什么？""","""布达拉宫是藏传佛教的重要圣地，供奉着众多佛像和文物。它是达赖喇嘛的冬宫，也是西藏政教合一的象征，体现了藏传佛教文化和西藏的历史。""",15
"""天坛为什么是圆形的？""","""天坛采用圆形设计，象征天圆地方的理念。圜丘坛、祈年殿等建筑都是圆形的，体现了中国古代的天人合一思想和对天的敬畏。""",16
"""天坛的回音壁有什么奥秘？""","""天坛回音壁是古代声学建筑的杰作，利用声波反射原理，在特定位置说话能听到回声。这体现了中国古代工匠对声学原理的掌握和应用。""",17
"""天坛的祈年殿为什么有三层檐？""","""祈年殿采用三层檐，象征天、地、人三才。建筑结构采用攒尖顶，体现了中国古代建筑的美学思想和宗教理念。""",18
"""大雁塔为什么叫'大雁塔'？""","""大雁塔原名慈恩寺塔，因玄奘法师在此译经，传说有雁群飞落，故称大雁塔。它是玄奘藏经之地，也是唐代佛教文化的重要象征。""",19
"""大雁塔的结构特点是什么？""","""大雁塔是楼阁式砖塔，采用砖石结构，内部有木梯可登顶。塔身呈方形，逐层收分，体现了唐代砖塔的建筑特点。""",20
"""大雁塔与玄奘取经有什么关系？""","""玄奘法师从印度取经归来，在此译经，大雁塔成为佛教文化的重要象征。玄奘的《大唐西域记》记录了取经经历，大雁塔成为佛教文化传播的重要场所。""",21
"""晋祠圣母殿的彩塑侍女像为什么闻名？""","""晋祠圣母殿内的彩塑侍女像是中国宋代雕塑艺术的代表作，造型生动，表情丰富，体现了宋代雕塑的高超技艺。侍女像的服饰、发型、姿态都反映了宋代的社会生活。""",22
"""晋祠圣母殿的建筑风格有什么特点？""","""晋祠圣母殿采用宋代建筑风格，斗拱硕大，出檐深远，体现了宋代建筑的特点。殿内的梁架结构和装饰都体现了宋代建筑艺术的成熟水平。""",23
"""晋祠为什么叫'晋祠'？""","""晋祠位于山西太原，是为纪念晋国始祖唐叔虞而建，故称晋祠。它是古代祠堂建筑的代表，体现了中国古代的祭祀文化和宗法制度。""",24
"""孔庙为什么是祭祀孔子的地方？""","""孔庙是祭祀孔子的礼制建筑群，体现了中国古代的礼制思想和儒家文化。孔庙的建筑布局和祭祀仪式都体现了对孔子的尊崇和儒家文化的传承。""",25
"""孔庙的建筑布局有什么特点？""","""孔庙采用中轴对称布局，前庙后寝，体现了中国古代宫殿建筑的规制。建筑群包括大成殿、杏坛、碑林等，体现了孔庙的规模和重要性。""",26
"""孔庙的碑林有什么价值？""","""孔庙碑林收藏了大量碑刻，包括历代皇帝的祭文、名人的题词等，是研究中国古代历史和文化的重要资料。碑林中的书法作品也体现了中国古代书法艺术的成就。""",27
"""避暑山庄为什么叫'避暑山庄'？""","""避暑山庄是清代皇帝的避暑之地，位于承德，气候凉爽，环境优美。它是清代皇家园林的代表，体现了清代皇帝的休闲生活和园林艺术。""",28
"""避暑山庄的园林布局有什么特点？""","""避暑山庄融合了江南园林和北方园林的特点，既有江南的秀美，又有北方的雄浑。园林布局体现了'虽由人作，宛自天开'的造园理念。""",29
"""避暑山庄的历史文化意义？""","""避暑山庄是清代重要的政治中心，见证了清朝的历史。它是多民族文化的融合之地，体现了清代的政治智慧和民族政策。""",30
"""留园为什么是'四大名园'之一？""","""留园是苏州四大名园之一，以空间布局精巧著称。园林设计体现了'移步换景'的造园理念，空间变化丰富，体现了中国古代园林艺术的成就。""",31
"""留园的假山有什么特点？""","""留园的假山采用太湖石堆砌，造型奇特，体现了中国古代假山艺术的成就。假山与水池、建筑相配合，形成了优美的园林景观。""",32
"""留园的文化内涵？""","""留园体现了中国古代文人的审美情趣和生活理念，园林中的建筑、景观、题词都反映了文人的文化修养和艺术追求。""",33
"""悬空寺为什么'悬空'？""","""悬空寺位于恒山悬崖上，建筑一半嵌入山体，一半悬空，体现了中国古代工匠的智慧和勇气。建筑结构稳定，历经千年风雨仍屹立不倒。""",34
"""悬空寺为什么是'佛道儒三教合一'？""","""悬空寺内供奉佛、道、儒三教的神像，体现了中国古代宗教融合的特点。三教共存，反映了当时社会的宗教状况和文化特点。""",35
"""悬空寺的建筑工艺有什么特别之处？""","""悬空寺采用木结构和石结构相结合的方式，建筑与山体紧密结合，体现了中国古代建筑工艺的高超水平。建筑的稳定性、安全性都达到了很高的水平。""",36
"""明孝陵为什么是'明清皇陵之首'？""","""明孝陵是明朝开国皇帝朱元璋的陵墓，建筑规制影响了后来的明清皇陵。它是明清皇陵的典范，体现了明代陵寝建筑的成就。""",37
"""明孝陵的布局有什么特点？""","""明孝陵采用中轴对称布局，前朝后寝，体现了中国古代陵寝建筑的规制。神道、碑亭、方城明楼等建筑都体现了明孝陵的规模和重要性。""",38
"""明孝陵的历史文化意义？""","""明孝陵是明代历史的重要见证，见证了明朝的建立和发展。它是世界文化遗产，体现了中国古代陵寝文化的成就。""",39
"""永乐宫为什么壁画艺术价值高？""","""永乐宫壁画是中国元代壁画的代表作，包括《朝元图》等，画面宏大，人物众多，色彩艳丽，体现了元代绘画艺术的成就。壁画内容反映了道教文化和当时的社会生活。""",40
"""永乐宫的建筑风格有什么特点？""","""永乐宫采用元代建筑风格，斗拱硕大，出檐深远，体现了元代建筑的特点。建筑结构和装饰都体现了元代建筑艺术的成熟水平。""",41
"""永乐宫的宗教意义？""","""永乐宫是元代道教宫观，供奉吕洞宾等道教神仙，体现了元代道教文化的发展。它是道教文化的重要场所，也是研究元代宗教文化的重要资料。""",42
"""丽江古城为什么叫'水城'？""","""丽江古城有完善的供水系统，家家户户门前有流水，体现了纳西族'以水为魂'的文化理念。水系与街巷布局相配合，形成了独特的水城景观。""",43
"""丽江古城的建筑风格有什么特点？""","""丽江古城采用纳西族传统建筑风格，土木结构，屋顶坡度大，适应多雨的气候。建筑布局灵活，体现了纳西族的生活智慧和审美情趣。""",44
"""丽江古城的文化内涵""","""丽江古城是纳西族文化的代表，体现了纳西族的历史、宗教、艺术等各个方面。它是世界文化遗产，反映了纳西族的文化传承和发展。""",45
"""宏村为什么叫'中国画里的乡村'？""","""宏村以'牛形村'布局著称，水系如牛肠，湖泊如牛胃，体现了中国古代村落的规划智慧。村落的建筑、景观、水系都形成了优美的画面，如同一幅中国画。""",46
"""宏村的'四菜一汤'是什么？""","""宏村的'四菜一汤'是指村落的四个池塘和一个湖泊，构成了完整的水系。水系与村落的布局相配合，体现了宏村的规划智慧和生态理念。""",47
"""宏村的建筑工艺有什么特点？""","""宏村采用徽派建筑风格，砖雕、木雕、石雕精美，体现了徽派建筑的艺术成就。建筑与自然环境相融合，体现了中国古代村落的生态理念。""",48
"""颐和园为什么是'皇家园林典范'？""","""颐和园是清代皇家园林，集江南园林之大成，体现了中国古代园林艺术的最高成就。园林布局、建筑风格、景观设计都达到了很高的水平。""",49
"""颐和园的长廊有什么特点？""","""颐和园长廊是中国最长的廊，全长728米，彩画精美，体现了中国古代廊文化的成就。长廊连接各个建筑，形成了优美的园林景观。""",50
"""颐和园的历史文化意义？""","""颐和园是清代重要的政治和文化中心，见证了清朝的历史。它是世界文化遗产，体现了中国古代园林艺术的成就。""",51
"""南禅寺为什么是中国现存最早木结构建筑？""","""南禅寺大殿建于唐代，比佛光寺东大殿早75年，是中国现存最早的木结构建筑。它的发现改写了中国的建筑史，体现了唐代建筑艺术的成就。""",52
"""南禅寺的木材和彩绘工艺？""","""南禅寺采用优质木材，彩绘工艺精湛，体现了唐代建筑艺术的成熟水平。建筑的梁架结构和装饰都体现了唐代建筑的特点。""",53
"""南禅寺的历史意义？""","""南禅寺是中国建筑史上的重要发现，证明了唐代木构建筑的存在，改写了中国的建筑史。它是研究唐代建筑的重要资料。""",54
"""陈家祠为什么是'岭南宗祠代表'？""","""陈家祠是岭南地区宗祠建筑的代表，体现了岭南建筑的特点。建筑规模宏大，装饰精美，体现了岭南宗祠建筑的成就。""",55
"""陈家祠的雕刻装饰有什么特点？""","""陈家祠的砖雕、木雕、石雕精美，体现了岭南雕刻艺术的成就。雕刻内容丰富，工艺精湛，反映了岭南的文化特色。""",56
"""陈家祠的文化内涵？""","""陈家祠是岭南文化的代表，体现了岭南的历史、宗教、艺术等各个方面。它是研究岭南文化的重要资料。""",57
"""都江堰为什么是'世界现存最古老水利工程'？""","""都江堰建于战国时期，至今仍在使用，体现了中国古代水利工程的成就。它是世界文化遗产，体现了中国古代工程的智慧。""",58
"""都江堰的工程结构有什么特点？""","""都江堰采用'鱼嘴分水'、“飞沙堰溢洪”、'宝瓶口引水'等先进技术，体现了中国古代水利工程的智慧。工程结构合理，功能完善。""",59
"""都江堰的历史意义？""","""都江堰是古代水利工程的重要代表，见证了中国的水利发展史。它是世界文化遗产，体现了中国古代工程的成就。""",60
"""莫高窟为什么是'佛教艺术宝库'？""","""莫高窟有大量的壁画和石窟，体现了佛教艺术的成就。壁画内容丰富，艺术水平高，反映了佛教文化的发展。""",61
"""莫高窟的壁画绘制工艺？""","""莫高窟壁画采用多种绘制工艺，色彩艳丽，线条流畅，体现了中国古代绘画艺术的成就。壁画的保存状况也反映了古代绘画技术的水平。""",62
"""莫高窟的历史文化意义？""","""莫高窟是佛教文化的重要场所，见证了佛教在中国的传播和发展。它是世界文化遗产，体现了中国古代佛教艺术的成就。""",63
"""明十三陵为什么是'明代皇家陵墓群'？""","""明十三陵是明代13位皇帝的陵墓，建筑规制统一，体现了明代陵寝建筑的成就。它是世界文化遗产，体现了中国古代陵寝文化的成就。""",64
"""明十三陵的布局有什么特点？""","""明十三陵采用中轴对称布局，前朝后寝，体现了中国古代陵寝建筑的规制。神道、碑亭、方城明楼等建筑都体现了明十三陵的规模和重要性。""",65
"""明十三陵的历史意义？""","""明十三陵是明代历史的重要见证，见证了明朝的建立和发展。它是世界文化遗产，体现了中国古代陵寝文化的成就。""",66
"""个园为什么以'四季假山'闻名？""","""个园以四季假山著称，春、夏、秋、冬四季假山各具特色，体现了中国古代园林艺术的成就。假山与建筑、景观相配合，形成了优美的园林景观。""",67
"""个园的叠山理水工艺？""","""个园采用叠山理水工艺，假山造型奇特，水系布局合理，体现了中国古代园林艺术的成就。园林设计体现了'虽由人作，宛自天开'的造园理念。""",68
"""个园的文化内涵？""","""个园体现了中国古代文人的审美情趣和生活理念，园林中的建筑、景观、题词都反映了文人的文化修养和艺术追求。""",69
